Sandhiya,Sandhiya14,Qwertyqwerty1!,sandhiya@qqq.com,9879879879
Sowmya,Sowmya13,P@ssw0rd,sowmiya@www.com,8768768768
Srikumar,Sk,hello,srikumar@ttt.com,7657657657
Harsadha,Harsadha15,Uiopuiop!,harsadha@yyy.com,6546546546
Sudhan,Sudhan16,Hjklhjkl5*,sudhan@uuu.com,4324324324
Roshini,Roshini17,Vbnmvbnm#,roshini@www.com,1231231231
Siddhaarth,Siddhaarth18,Plmoknplm!1,siddhaarth@ttt.com,7778889990
Padma,padma10,qwertyQ#42,ijnuhbygv@tgg.com,7899877890
Sharan,Sharan19,Ijkijkijk1!,ijkijkijk@gmail.com,9090989897
Allen,Allen21,olpolpolP2@,ilpilpilp@hhh.com,7779897779890
janet,janet123,P@ssw0rd,hsddj@mail.com,1234123412
sowmya,Sowmya,P@ssw0rd,p@.com,1231231231
Srikumar,Srikumar15,Hel!o123,Srik@mail.com,1673460984
Sandhiya,Sandhiya123,P@ssw0rd,pas@mail.com,1234567890
KarenYerumuSaani,Bullshit,KanyeWest@YerumuSaani*1,bull@shit.com,1234567891
name,name,Imdy1ng!,p@.com,1237891238
Sara,sara123,Sara123*,sara123@123.com,1234567890
namee,namee,He!!0plk,poub@g.com,1231235647
Hitler,AH,QWerty12345@,qwert@gm.com,1234567890
Sowmya,Sowmya1234,P@ssw0rd,ands@gmail.com,1298763456
Testuser,Test_user1,Qwerty12!,Testuser@gmail.com,9876543210
